{
  "weights": {
    "ret_5d": 0.04147148464896208,
    "ret_20d": 0.0044001332901303074,
    "vol_ratio": 0.028587340633703322,
    "excess_5d": 0.16751098547943477,
    "excess_20d": 0.08324820282016854,
    "breadth": 0.17128193484735463,
    "price_pos": 0.0044001332901303074,
    "volatility": 0.0044001332901303074,
    "streak": 0.2648135376906081,
    "friday_ret": 0.22988611400937758
  },
  "feature_ranges": {
    "ret_5d": [
      -5.006795604395604,
      6.416152348993289
    ],
    "ret_20d": [
      -9.556759879814159,
      14.455573426643259
    ],
    "vol_ratio": [
      0.7560814152006485,
      1.3267329149194065
    ],
    "excess_5d": [
      -4.22038717948718,
      5.2973102777479895
    ],
    "excess_20d": [
      -8.20752555331992,
      11.82015
    ],
    "breadth": [
      0.06470588235294118,
      0.9157894736842105
    ],
    "price_pos": [
      0.0,
      1.0
    ],
    "volatility": [
      0.7572321785047936,
      2.8943322760120194
    ],
    "streak": [
      0,
      4
    ],
    "friday_ret": [
      -2.685192857142857,
      2.29770625
    ]
  },
  "feature_names": [
    "ret_5d",
    "ret_20d",
    "vol_ratio",
    "excess_5d",
    "excess_20d",
    "breadth",
    "price_pos",
    "volatility",
    "streak",
    "friday_ret"
  ],
  "train_metrics": {
    "precision": 0.4782986111111111,
    "recall": 0.31218130311614734,
    "f1": 0.37778539595474797,
    "precision_strong": 0.4262152777777778,
    "avg_top_ret": 0.20024357681574487,
    "avg_bottom_ret": -0.031101898127082736,
    "excess_ret": 0.2313454749428276,
    "avg_top_excess": 0.2496206601490782
  },
  "val_metrics": {
    "precision": 0.5769230769230769,
    "recall": 0.29469548133595286,
    "f1": 0.39011703511053314,
    "precision_strong": 0.5115384615384615,
    "avg_top_ret": 0.4634749573922911,
    "avg_bottom_ret": 0.3319931674553439,
    "excess_ret": 0.1314817899369472,
    "avg_top_excess": 0.34435341893075266
  },
  "all_metrics": {
    "precision": 0.5089712918660287,
    "recall": 0.30578512396694213,
    "f1": 0.38204264870931537,
    "precision_strong": 0.4527511961722488,
    "avg_top_ret": 0.2821097956553406,
    "avg_bottom_ret": 0.08182240456601644,
    "excess_ret": 0.20028739108932417,
    "avg_top_excess": 0.2790830013969674
  },
  "total_samples": 6061,
  "created": "2026-06-15 06:43:52"
}